[
    {
        "description": "Match lead and counsellor by location and language or course interest",
        "conditions": [
            {
                "left": {
                    "entity": "lead",
                    "attribute": "location"
                },
                "operator": "==",
                "right": {
                    "entity": "counsellor",
                    "attribute": "location"
                }
            },
            {
                "logic": "OR",
                "conditions": [
                    {
                        "left": {
                            "entity": "lead",
                            "attribute": "language"
                        },
                        "operator": "==",
                        "right": {
                            "entity": "counsellor",
                            "attribute": "language"
                        }
                    },
                    {
                        "left": {
                            "entity": "lead",
                            "attribute": "course_interest"
                        },
                        "operator": "==",
                        "right": {
                            "entity": "counsellor",
                            "attribute": "specialization"
                        }
                    }
                ]
            }
        ],
        "logic": "AND",
        "weight": 2.0
    },
    {
        "description": "High engagement and late decision stage leads",
        "conditions": [
            {
                "left": {
                    "entity": "lead",
                    "attribute": "engagement_level"
                },
                "operator": "==",
                "right": {
                    "value": "High"
                }
            },
            {
                "left": {
                    "entity": "lead",
                    "attribute": "decision_stage"
                },
                "operator": "==",
                "right": {
                    "value": "Late"
                }
            }
        ],
        "logic": "AND",
        "weight": 1.0
    },
    {
        "description": "Counsellors with workload less than 5",
        "conditions": [
            {
                "left": {
                    "entity": "counsellor",
                    "attribute": "workload"
                },
                "operator": "<",
                "right": {
                    "value": "5"
                }
            }
        ],
        "logic": "AND",
        "weight": 1.0
    },
    {
        "description": "Prioritize high-engagement leads in late decision stage with top counsellors",
        "conditions": [
            {
                "left": {
                    "entity": "lead",
                    "attribute": "engagement_level"
                },
                "operator": "==",
                "right": {
                    "value": "High"
                }
            },
            {
                "left": {
                    "entity": "lead",
                    "attribute": "decision_stage"
                },
                "operator": "==",
                "right": {
                    "value": "Late"
                }
            },
            {
                "left": {
                    "entity": "counsellor",
                    "attribute": "conversion_rate"
                },
                "operator": ">=",
                "right": {
                    "value": "0.85"
                }
            }
        ],
        "logic": "AND",
        "weight": 3.0
    }
]